Country Name,Country Code,Region,2003,2004,2005,2006,2007,2008,2009,2010,2011,2012,2013,2014
Afghanistan,AFG,South Asia,8.81605343,8.78670722,8.06810435,7.43397155,6.72831635,8.32809334,9.41897064,9.19772273,7.87199189,8.51891268,8.13486556,8.18227382
Angola,AGO,Sub-Saharan Africa,4.40528442,4.70732007,4.10396002,4.54243749,3.38311163,3.84493395,4.37177378,3.39114609,3.3795827,3.30479422,4.26303169,3.30698293
Albania,ALB,Europe & Central Asia,6.26700723,6.37953469,6.11631076,5.86129625,6.10393525,5.86941616,5.79133946,5.33503501,5.71466526,5.58917285,5.65513948,5.88310543
Andorra,AND,Europe & Central Asia,5.74503291,5.70388241,5.22335314,5.31389324,6.33545578,6.5674086,6.75968963,7.99926652,6.70379149,7.54733741,11.4780464,8.12713561
Arab World,ARB,Middle East & North Africa,4.201716459,3.938217267,3.57556927,3.525856125,3.619370957,3.531418824,4.57113645,4.161817744,4.096060617,4.399206649,4.665016506,4.875496496
United Arab Emirates,ARE,Middle East & North Africa,2.64640737,2.46216142,2.32021865,2.32534364,2.56564188,2.92853487,4.04992386,3.92945183,3.7038587,3.44599956,3.48564353,3.64398564
Argentina,ARG,Latin America & Caribbean,8.21606274,6.84056093,6.84561938,6.68187054,6.49458405,6.66371839,7.63475841,6.55015616,5.89274265,5.01904817,4.98687258,4.78591616
Armenia,ARM,Europe & Central Asia,5.56388068,5.50118169,5.25211644,4.57775072,4.30883082,3.79932298,4.54532341,4.56226302,3.71354097,4.48215825,4.55022679,4.48014942
Antigua and Barbuda,ATG,Latin America & Caribbean,4.53434099,4.20698542,4.41010035,4.34002161,4.26972324,4.69201433,4.86206202,5.6285144,5.64852918,5.38593825,5.33222783,5.54168311
Australia,AUS,East Asia & Pacific,8.31845119,8.57432053,8.45389263,8.49118995,8.5306305,8.78349607,9.04605596,9.01527191,9.19934655,9.35738514,9.36373848,9.42230024
Austria,AUT,Europe & Central Asia,10.48033992,10.55988254,10.53141508,10.35154773,10.40127692,10.60392998,11.19443731,11.16524816,10.93557307,11.16821981,11.1377909,11.20547328
Azerbaijan,AZE,Europe & Central Asia,6.56328804,7.92454395,7.8639081,6.16806759,5.09525293,4.37406647,5.85024048,5.3336001,5.00932503,5.36689762,5.53755045,6.0368632
Burundi,BDI,Sub-Saharan Africa,5.24840706,7.10205754,9.83776739,11.49013252,10.02676743,7.85946357,6.96418727,8.82066864,8.57801472,8.20755375,8.03161378,7.53556539
Belgium,BEL,Europe & Central Asia,9.30359795,9.32102699,9.24428757,9.17112797,9.25207442,9.59842645,10.39434014,10.16564067,10.42349563,10.53975001,10.57290301,10.5947509
Benin,BEN,Sub-Saharan Africa,4.63066141,4.56185468,4.73384847,4.75046608,4.54583981,4.19564004,4.46430984,4.94824039,5.36875255,4.85686602,4.59205377,4.59429651
Burkina Faso,BFA,Sub-Saharan Africa,5.60978869,6.45328338,6.87238586,6.57889926,6.62938957,6.76855996,7.40543097,7.17005016,5.16945672,5.32688534,5.91240213,4.96026323
Bangladesh,BGD,South Asia,2.51003846,2.61548602,2.67725039,2.79623022,2.79895606,2.84653391,2.90958368,3.06355993,3.155874,3.08120807,2.88285726,2.81899856
Bulgaria,BGR,Europe & Central Asia,7.43475437,7.08595529,7.07978092,6.6734753,6.41034419,6.61156197,6.77819389,7.24456053,6.88297734,7.10569778,7.93021922,8.44291326
Bahrain,BHR,Middle East & North Africa,3.73972896,3.36600777,3.15804988,3.07675509,3.07767478,3.16848651,3.786504,3.63764959,3.40195337,4.36591164,4.68637938,4.98079638
"Bahamas, The",BHS,Latin America & Caribbean,5.6180021,6.02453452,5.95416502,6.93251788,7.07559268,7.3029743,7.4319201,7.43658423,7.63371738,7.43010401,7.04554853,7.74236489
Bosnia and Herzegovina,BIH,Europe & Central Asia,7.9408288,9.0438333,8.49615182,8.28337432,8.37007608,8.58190329,9.64051655,9.57831611,9.71201831,9.9397549,9.46431161,9.57201597
Belarus,BLR,Europe & Central Asia,6.58928033,6.58678934,6.88634578,6.33679804,6.43772703,5.94918995,6.08504113,5.55420409,4.92365904,5.00822363,6.07206556,5.68772158
Belize,BLZ,Latin America & Caribbean,4.5348229,4.39392269,4.45271318,4.40074319,4.76058357,5.09281839,5.80764478,5.84584806,5.60522062,5.45306037,5.79061965,5.78895004
Bolivia,BOL,Latin America & Caribbean,5.30411075,5.21561551,5.66626332,5.19483534,4.96364424,5.00221817,5.76173626,5.44301385,5.49176327,5.5569911,5.9649866,6.33482729
Brazil,BRA,Latin America & Caribbean,6.94296392,7.06793519,8.26702693,8.35570723,8.28058988,8.23798966,8.64909707,8.26736921,8.0901717,8.26089862,8.48312451,8.32283359
Barbados,BRB,Latin America & Caribbean,5.81503159,5.71254394,5.37770788,5.27479782,5.63907522,6.01496305,6.21396814,6.16899137,6.66975378,7.42925203,7.5687307,7.469303
Brunei Darussalam,BRN,East Asia & Pacific,3.09075683,3.00570028,2.62469019,2.24345194,2.31773158,2.22944566,2.84871691,2.73321659,2.24592919,2.30071015,2.61249972,2.64816289
Bhutan,BTN,South Asia,4.9041054,4.40750213,5.28092275,5.26868823,5.87866065,6.57982434,6.02784218,5.17176159,4.73145771,3.70384573,3.82579516,3.57301481
Botswana,BWA,Sub-Saharan Africa,4.64786115,5.55872796,5.62371187,4.92953585,4.71306526,5.55037104,6.38817073,5.64265217,5.24916763,6.27218857,5.83806784,5.41200262
Central African Republic,CAF,Sub-Saharan Africa,4.30920674,4.10144818,4.29009912,3.98872906,4.04420573,4.30491314,3.57683853,3.89743425,3.73272849,3.62284672,3.82208893,4.20022213
Canada,CAN,North America,9.54031491,9.55593893,9.57259884,9.75077613,9.834884,10.0314672,11.17309256,11.20113293,10.82129629,10.77921223,10.66516682,10.449582
Central Europe and the Baltics,CEB,Europe & Central Asia,6.695292331,6.686351294,6.689976402,6.559570057,6.529369798,6.838615156,7.347817955,7.189392372,6.990815629,6.973147093,6.879365605,6.845234418
Switzerland,CHE,Europe & Central Asia,10.933913,10.96120293,10.86294204,10.38772207,10.20985654,10.2889506,11.00053859,11.07054472,11.21213823,11.58918948,11.70740988,11.65926872
Chile,CHL,Latin America & Caribbean,7.33944363,6.93393245,6.69119625,6.18107636,6.34524532,6.8683536,7.39252832,6.96860594,7.00457914,7.23794642,7.5312947,7.78585767
China,CHN,East Asia & Pacific,4.82123292,4.72284375,4.65846996,4.52241742,4.31833293,4.58905193,5.07535532,4.88633979,5.02886408,5.26451547,5.38570406,5.54822768
Cote d'Ivoire,CIV,Sub-Saharan Africa,4.65208666,5.23740268,5.3896073,5.87099688,6.34588449,6.20550231,6.41352727,6.32384065,6.42052546,6.14322312,5.80954361,5.71627357
Cameroon,CMR,Sub-Saharan Africa,4.97339975,4.73054345,4.75114245,4.68549975,4.75670352,5.17618655,5.06998858,5.28483734,3.96167517,4.33911457,4.29309731,4.10367158
"Congo, Dem. Rep.",COD,Sub-Saharan Africa,3.20376686,3.33995801,3.14461623,3.38568114,3.61073821,4.45778277,5.6131874,4.04297925,3.53486147,3.7652661,3.88677527,4.32823361
"Congo, Rep.",COG,Sub-Saharan Africa,2.61050747,2.55529589,2.42171832,2.3727083,2.53770363,2.08514176,2.26558576,2.29284845,2.79015169,3.97634646,5.09464112,5.15141136
Colombia,COL,Latin America & Caribbean,5.92269295,5.37077635,5.8158366,6.1117047,6.25336641,6.61993597,7.01240715,6.75752454,6.63578902,6.93347013,6.8432,7.20129855
Comoros,COM,Sub-Saharan Africa,3.64985651,3.95907616,4.31649402,4.57135897,4.93045333,5.13058242,3.8159446,5.82480352,6.09705013,7.10723668,6.50938357,6.74764314
Cabo Verde,CPV,Sub-Saharan Africa,4.99736722,5.06127652,4.85837167,5.11488034,4.30181632,3.96261016,4.24249163,4.8314955,4.5981957,4.60767994,4.29340629,4.75969597
Costa Rica,CRI,Latin America & Caribbean,8.44923734,7.79839004,7.73973795,7.8231858,8.36985934,9.00515369,9.68658882,9.65747228,9.72939981,9.55968402,9.4665247,9.31311229
Caribbean small states,CSS,Latin America & Caribbean,5.183892331,5.31342238,5.140141883,5.015601397,5.359692284,5.362404515,6.247483674,5.814931568,5.742877611,6.235903663,6.207849333,6.171053597
Cuba,CUB,Latin America & Caribbean,6.31477793,6.13763913,9.39424353,7.67119625,10.41968483,10.79330726,11.78167488,10.19428176,10.59691898,8.59069933,9.48202921,11.05880043
Cyprus,CYP,Europe & Central Asia,6.83046446,6.41800628,6.3690867,6.27810151,6.05253416,6.89217292,7.40220132,7.2339653,7.53731961,7.43887767,7.45866684,7.36761162
Czech Republic,CZE,Europe & Central Asia,7.13181689,6.90346859,6.93394326,6.69370303,6.522339,6.81889577,7.84539515,7.4318989,7.50106056,7.54794135,7.48649513,7.41091154
Germany,DEU,Europe & Central Asia,10.61578862,10.37086787,10.51754561,10.34100073,10.1804053,10.39246762,11.40325491,11.25156004,10.93273699,10.99191973,11.16480314,11.29700067
Djibouti,DJI,Middle East & North Africa,6.2210856,6.7637107,7.21478463,7.05121762,7.72082465,8.04957964,8.37116146,8.84146484,8.71121911,8.94711732,9.13982602,10.56825612
Dominica,DMA,Latin America & Caribbean,4.58840093,4.31835019,4.5907974,4.54040177,4.66781159,4.54347143,5.259277,5.71976867,5.63311849,5.35510714,5.58003918,5.48583257
Denmark,DNK,Europe & Central Asia,9.50939145,9.67486939,9.7699606,9.92431629,9.98729401,10.18303034,11.47219769,11.08183797,10.86554541,10.9838191,11.24700751,10.80495696
Dominican Republic,DOM,Latin America & Caribbean,5.53403296,4.28073586,4.26151651,4.34435286,4.34354051,4.19632994,4.41085261,4.06246968,4.21893383,4.26412797,4.11902833,4.37577756
Algeria,DZA,Middle East & North Africa,3.60102674,3.54406326,3.23516801,3.35511843,3.82141191,4.20191141,5.35942501,5.11715468,5.29292834,6.14311272,7.12438268,7.20717804
East Asia & Pacific (excluding high income),EAP,East Asia & Pacific,4.390803338,4.314661321,4.329021385,4.249566446,4.134877627,4.338100916,4.782571171,4.593028595,4.720089512,4.96866031,5.094531906,5.256506215
East Asia & Pacific,EAS,East Asia & Pacific,6.664597213,6.646817814,6.638302938,6.473831044,6.281967755,6.474129508,7.016227293,6.857124495,6.980762923,7.070802958,6.907541875,6.886477414
Europe & Central Asia (excluding high income),ECA,Europe & Central Asia,5.69821274,5.526523772,5.549847074,5.6012208,5.677173052,6.113375165,6.810022028,6.403558567,6.145403629,6.326735287,6.48038601,6.420852299
Europe & Central Asia,ECS,Europe & Central Asia,8.868991998,8.837290637,8.910463675,8.809321048,8.706588112,8.968932239,9.811848656,9.555619792,9.424952235,9.455265197,9.498520144,9.502541344
Ecuador,ECU,Latin America & Caribbean,6.46381498,6.21729056,5.87295184,5.85722282,5.93693781,5.66029931,5.57500385,5.9021487,5.9151677,6.47936086,7.28688971,9.16108824
"Egypt, Arab Rep.",EGY,Middle East & North Africa,5.41204355,5.21090557,5.06260429,5.23956984,4.95043355,4.81986313,5.0088987,4.79725822,5.03966667,5.29360162,5.46252124,5.64211505
Euro area,EMU,Europe & Central Asia,9.433359348,9.456053695,9.633512833,9.561397386,9.454239555,9.738303935,10.49270718,10.41199688,10.32390141,10.40238714,10.44112075,10.44481812
Eritrea,ERI,Sub-Saharan Africa,3.50246439,3.14235447,2.96792167,3.29897088,3.29157461,3.68846683,3.30193937,3.24031896,3.06088999,2.97641275,3.0122195,3.33829318
Spain,ESP,Europe & Central Asia,7.98814212,8.04569615,8.11898424,8.23258934,8.35762244,8.80496468,9.52140118,9.55574089,9.47835693,9.38884953,9.09572402,9.02988651
Estonia,EST,Europe & Central Asia,4.91867721,5.13198242,5.01934025,5.01483256,5.15908483,6.05608547,6.93238582,6.24878186,5.8320426,6.36428657,6.48178731,6.37929421
Ethiopia,ETH,Sub-Saharan Africa,4.63536942,4.23459837,4.20170809,4.46674967,4.69032041,4.28069284,4.40929621,6.86140983,6.54770287,5.76934846,5.19220468,4.88431325
European Union,EUU,Europe & Central Asia,9.036964586,9.065009286,9.225135735,9.175079799,9.091363335,9.398793146,10.1927928,10.04965856,10.00949008,10.07366033,10.09676697,10.03875985
Finland,FIN,Europe & Central Asia,8.15119542,8.20952406,8.42946509,8.38132513,8.09335361,8.35417138,9.20360107,9.0454216,9.01149493,9.29823712,9.54669008,9.67990894
Fiji,FJI,East Asia & Pacific,3.35233567,3.60774412,3.60776119,3.83604195,3.74015968,3.67865292,4.25794871,4.22789631,4.05573589,4.16378175,4.26284098,4.48749874
France,FRA,Europe & Central Asia,10.42832417,10.53472683,10.59988615,10.52922033,10.44898821,10.5698701,11.28059369,11.19721933,11.33488998,11.43898967,11.56028303,11.53951975
"Micronesia, Fed. Sts.",FSM,East Asia & Pacific,9.69052452,10.63613644,12.112,11.92411067,11.99023438,12.94214559,13.44070448,13.83044533,13.75699709,12.76737349,13.38425416,13.70691454
Gabon,GAB,Sub-Saharan Africa,3.47902086,3.25513645,2.75520343,2.88201626,2.8583196,2.535878,3.42794074,3.4057095,3.12257014,3.13156309,3.98331084,3.43747162
United Kingdom,GBR,Europe & Central Asia,7.81211385,7.97890281,8.23536912,8.36326097,8.41613855,8.85089693,9.80995593,9.50702943,9.33870027,9.41083326,9.33908653,9.11547172
Georgia,GEO,Europe & Central Asia,8.48522551,8.53107694,8.59882617,8.39422247,8.16731799,8.99319466,10.19421933,10.05158367,9.38218863,8.57085151,7.2473647,7.4166592
Ghana,GHA,Sub-Saharan Africa,3.12389313,3.95738509,4.50784786,4.63638188,5.30044343,4.85068811,5.17304409,5.33452117,4.80741948,4.7900551,4.62620018,3.55729189
Guinea,GIN,Sub-Saharan Africa,3.44611461,3.13747392,2.82148862,3.02029095,3.07812234,3.2070461,3.84851388,4.54713891,4.73099737,5.39134293,5.49316028,5.64479793
"Gambia, The",GMB,Sub-Saharan Africa,4.21918804,4.3519662,4.96685998,5.52277969,5.76134541,5.9455552,5.84983434,5.75051063,6.24125427,6.12343327,6.49113393,7.34040076
Guinea-Bissau,GNB,Sub-Saharan Africa,5.61914548,5.41321192,5.71621565,5.8746927,6.1035278,6.04978909,6.80645346,6.69821693,5.45611123,5.96143163,6.13947839,5.59313736
Equatorial Guinea,GNQ,Sub-Saharan Africa,2.22972919,2.39764528,1.63062912,2.12883668,2.24801409,2.311263,5.32060059,3.83919384,3.29221335,4.00084211,3.73335792,3.80407904
Greece,GRC,Europe & Central Asia,8.60848417,8.30236873,9.36146591,9.33528442,9.4084693,9.75879775,9.76326668,9.18486746,9.77188991,9.24254484,9.25694494,8.08426702
Grenada,GRD,Latin America & Caribbean,5.89385798,5.23515143,5.50415611,5.99301739,5.87601597,5.76329049,6.24465331,6.40660082,6.34947937,6.35657502,6.1524108,6.09761403
Guatemala,GTM,Latin America & Caribbean,6.88412953,6.77302634,6.78948738,7.07207735,6.85595784,6.64882824,6.78776437,6.63841729,6.28384359,6.32933891,6.29628068,6.20230127
Guyana,GUY,Latin America & Caribbean,5.96831608,5.72841269,5.82749382,4.66920858,6.45346258,7.46423673,7.32019596,6.60294394,6.79708665,6.56510789,5.09615344,5.2478035
Honduras,HND,Latin America & Caribbean,8.29433272,7.88885252,7.81458832,7.63244921,7.89426555,8.40137585,8.84061142,8.4510228,8.56802118,9.7798508,9.15018328,8.72268046
Croatia,HRV,Europe & Central Asia,6.34665765,6.55583737,6.89409977,6.95312104,7.44334788,7.7045206,8.17701771,8.24785313,7.79909419,7.79722563,7.82827445,7.80324176
Haiti,HTI,Latin America & Caribbean,5.31704135,5.61151004,4.40741512,5.69978142,5.55702995,5.92248802,6.6786433,8.09463583,10.41487851,9.88320415,8.10279783,7.55565419
Hungary,HUN,Europe & Central Asia,8.42191484,8.08316836,8.27979357,8.09995208,7.50953251,7.32650666,7.54933377,7.85048555,7.84003067,7.74065817,7.52727617,7.40078093
Indonesia,IDN,East Asia & Pacific,2.53372429,2.36774828,2.78958066,2.90514781,3.09844209,2.80594493,2.82545945,2.7406754,2.7131643,2.89787034,2.92591721,2.84686016
India,IND,South Asia,4.29653759,4.22013959,4.28217471,4.24668128,4.22653116,4.33949245,4.37573742,4.27967981,4.33115071,4.389042,4.52911807,4.68508833
Ireland,IRL,Europe & Central Asia,7.04763499,7.33848733,7.26683559,7.22353538,7.57001772,8.64102477,9.53009384,8.76096475,8.14533747,8.32055052,8.00927632,7.78319657
"Iran, Islamic Rep.",IRN,Middle East & North Africa,5.41582194,5.8876663,6.06355948,5.94523503,5.84412037,6.28314503,7.63154127,8.01924969,7.12442249,6.9838344,6.49275923,6.8949223
Iraq,IRQ,Middle East & North Africa,4.36364226,5.61200838,4.13339428,2.99905461,3.69178171,3.9279652,4.64971686,3.82046695,3.31821307,5.26411877,5.9199233,5.53887318
Iceland,ISL,Europe & Central Asia,10.07437408,9.58713484,9.20976024,8.96470691,8.75292103,8.80337292,9.12074545,8.85548842,8.65326311,8.68327575,8.75450051,8.85916593
Israel,ISR,Middle East & North Africa,7.43618123,7.34611873,7.43511313,7.37962269,7.36888637,7.32999547,7.45871596,7.35697387,7.39438605,7.73373175,7.89399062,7.80830808
Italy,ITA,Europe & Central Asia,8.17185036,8.49431614,8.70707069,8.81849072,8.48168567,8.88584923,9.41489657,9.41991203,9.27499911,9.28206804,9.21721878,9.24791783
Jamaica,JAM,Latin America & Caribbean,4.55821974,4.80457328,4.06830563,4.22114615,4.87190883,5.40429222,5.15809611,5.29687787,5.21156436,5.65711987,5.90574802,5.36152479
Jordan,JOR,Middle East & North Africa,9.15453269,9.05278809,8.88253327,8.08490328,8.34550992,8.77647005,9.54302829,8.4176322,8.38611431,8.00466753,7.23316979,7.45299586
Japan,JPN,East Asia & Pacific,7.99594428,8.03487741,8.18154267,8.19413457,8.24853451,8.59902664,9.51396085,9.57849715,10.07184997,10.16980518,10.24737667,10.22874408
Kazakhstan,KAZ,Europe & Central Asia,3.69562808,3.95180407,4.06951322,3.72656036,3.18543508,3.64857277,4.13485255,4.42042194,4.05524966,4.3153085,4.29914863,4.35593983
Kenya,KEN,Sub-Saharan Africa,4.44734056,4.28974554,4.36354595,4.24362134,4.07795506,3.89959146,4.16756719,3.97371597,5.2314281,5.49053237,5.56790477,5.72029126
Kyrgyz Republic,KGZ,Europe & Central Asia,5.42793328,5.57289951,5.82230709,6.73429073,6.87338793,6.07102722,6.79492613,6.65733621,6.17973864,6.97356873,6.6786385,6.48376219
Cambodia,KHM,East Asia & Pacific,6.74284618,6.43218295,5.84121965,4.47935339,3.7458317,5.55434947,6.35516894,5.95280478,5.64142819,6.23920837,5.93281822,5.67563855
Kiribati,KIR,East Asia & Pacific,9.97939239,10.39189376,10.05853597,10.92704338,13.65860476,12.22926894,12.24187853,10.51872977,10.42241736,10.37479425,10.15483768,10.21295042
St. Kitts and Nevis,KNA,Latin America & Caribbean,4.94841062,4.72913659,4.80077315,5.45901566,5.29182061,5.91390479,5.00208583,5.49998123,5.88112635,5.78722052,6.13575203,5.08036532
"Korea, Rep.",KOR,East Asia & Pacific,4.92542518,4.95938228,5.32851591,5.75710863,5.98674394,6.15807158,6.65612235,6.79430738,6.83252287,7.01258591,7.19693064,7.37311255
Kuwait,KWT,Middle East & North Africa,3.22905642,2.7557707,2.37794798,2.25224274,2.13286507,1.93147895,3.87051709,2.7596631,2.61661289,2.57201714,2.5600271,3.04236844
Latin America & Caribbean (excluding high income),LAC,Latin America & Caribbean,6.416382957,6.331251391,6.805968774,6.789315957,6.908462297,6.907510484,7.553607975,7.188938923,7.043539334,6.995609783,7.132144056,7.115052631
Lao PDR,LAO,East Asia & Pacific,4.91118515,4.54444753,4.31668409,4.14334297,4.14439212,2.76996612,3.77060611,2.74584753,2.19661784,2.11887109,1.99960355,1.86554551
Lebanon,LBN,Middle East & North Africa,9.3023934,8.90980781,8.41980531,8.83001398,8.9037559,8.07052509,7.42448512,7.19133602,7.12492597,6.9909271,6.63325169,6.39370883
Liberia,LBR,Sub-Saharan Africa,3.43834059,8.77485716,8.0358831,10.90408771,10.23524323,11.82501159,14.39018881,11.86712183,11.23228864,10.18650065,9.25436605,10.03633328
Libya,LBY,Middle East & North Africa,4.06371504,3.46061724,2.70538066,2.5091272,2.62642263,2.04113186,3.1625065,3.05255664,4.77000711,4.29879351,4.33485587,4.96893503
St. Lucia,LCA,Latin America & Caribbean,6.10343642,6.19944529,6.24652588,6.37266722,6.8131974,7.43456753,8.11908183,8.09611928,7.58420617,8.34772855,7.85441263,6.71904145
Latin America & Caribbean,LCN,Latin America & Caribbean,6.440285088,6.379896578,6.813874141,6.77091507,6.87690439,6.897846005,7.548457208,7.181671019,7.04564676,7.016748346,7.159427942,7.152191262
Sri Lanka,LKA,South Asia,3.9535948,4.28272642,4.06081747,4.06216396,3.75875181,3.44475072,3.36899956,3.43256993,3.2814775,3.20966147,3.67699093,3.50335011
Lesotho,LSO,Sub-Saharan Africa,7.1297893,6.96398382,6.29584414,7.11552059,8.46770338,8.85089519,9.79523187,10.87000705,11.78852824,11.14497984,11.07282138,10.61767672
Lithuania,LTU,Europe & Central Asia,6.45979375,5.67346919,5.83432657,6.19588569,6.22384874,6.60837899,7.53257874,7.09033823,6.85596808,6.66789481,6.59045056,6.55211709
Luxembourg,LUX,Europe & Central Asia,7.66728887,8.20455465,7.94570112,7.74947883,6.79800543,7.33859064,8.1146262,7.68088676,7.3409169,7.17505184,7.09750397,6.93787356
Latvia,LVA,Europe & Central Asia,6.15252413,6.51218398,6.37415759,6.7991405,7.01215151,6.63050503,6.83979658,6.55480303,6.09974017,5.90778351,5.66928247,5.88069354
Morocco,MAR,Middle East & North Africa,5.25177742,5.21554804,5.05803376,5.23396796,5.47518256,5.41489757,5.66551271,5.85885463,5.98875179,6.14685256,5.93534584,5.90777806
Monaco,MCO,Europe & Central Asia,3.9340387,4.02616923,4.00135654,3.81972113,3.38073993,3.63699333,4.29791231,4.40020002,4.19310875,4.25538691,4.0300074,4.337683
Moldova,MDA,Europe & Central Asia,8.23547436,8.48619596,9.15376162,10.62583313,10.88435311,11.41339603,12.48972121,12.08179732,10.61121439,11.87332928,10.05471776,10.32365569
Madagascar,MDG,Sub-Saharan Africa,4.81306658,4.8875444,5.03002085,5.11190088,4.98399653,4.49573889,4.70033897,4.86435014,4.2355947,3.45623205,4.14767794,3.04135502
Maldives,MDV,South Asia,5.89706416,5.88874714,9.52452498,7.37121198,6.64152393,9.30458288,9.21822502,7.92926355,8.11412868,9.16358288,11.16425478,13.73352009
Middle East & North Africa,MEA,Middle East & North Africa,4.80629437,4.62637848,4.335089839,4.233177626,4.298443552,4.199398706,5.314373295,5.056189905,4.852703789,5.04569304,5.131562127,5.326294393
Mexico,MEX,Latin America & Caribbean,6.02185177,6.11044039,6.0443102,5.83217814,5.91563943,6.06132066,6.59579987,6.39444283,6.04343893,6.21482997,6.29528345,6.29642103
Marshall Islands,MHL,East Asia & Pacific,16.86879662,17.8403202,17.4250474,19.79982033,20.42172636,19.43177259,18.97912934,17.3351136,17.18970115,16.67534375,17.23845225,17.13572274
"Macedonia, FYR",MKD,Europe & Central Asia,9.17089411,8.64424462,7.95350493,7.61320744,6.89955664,6.85128427,6.73638221,6.83334032,6.61114716,6.76264338,6.0737788,6.47637457
Mali,MLI,Sub-Saharan Africa,6.25006856,6.2798959,6.33580578,6.55543828,6.97251095,6.7369722,6.84936871,6.35206417,6.58863181,6.46533952,6.5777895,6.86216649
Malta,MLT,Middle East & North Africa,8.05680621,8.46267194,8.83355332,8.93281432,8.35676141,8.15397796,8.33140474,8.29921427,9.59870689,9.95129454,9.89183881,9.74992027
Myanmar,MMR,East Asia & Pacific,1.96630795,1.96873038,1.83009783,1.77640517,1.68461292,1.87462274,2.04583935,1.92028227,1.86845552,2.21823163,2.15820037,2.27575459
Middle East & North Africa (excluding high income),MNA,Middle East & North Africa,5.281315599,5.306338652,5.035966116,4.929356188,5.018040425,5.171745304,6.14770593,6.116903239,5.922722871,6.274903824,6.277917979,6.359045113
Montenegro,MNE,Europe & Central Asia,8.91132279,8.44831694,8.46232483,8.01219061,6.74225066,6.13379906,6.07482371,6.90181545,6.92483198,7.2473971,6.42538419,6.41654268
Mongolia,MNG,East Asia & Pacific,6.17936733,5.99465876,5.08566386,4.67597361,5.06366434,5.57702988,5.2898624,4.69693758,4.45434197,4.21982325,4.21146824,4.73034173
Mozambique,MOZ,Sub-Saharan Africa,6.3923101,5.91276381,6.86781935,6.51278626,5.25271234,4.91337392,5.43496409,5.3803234,6.23470157,5.57950644,5.89790701,6.97558186
Mauritania,MRT,Sub-Saharan Africa,4.52840343,4.70454966,4.2060502,3.20757593,3.53528514,3.22665716,3.78735326,3.27934195,2.86968767,3.36153201,3.63447484,3.77269904
Mauritius,MUS,Sub-Saharan Africa,4.14728086,4.29214123,4.46865768,4.37870539,4.24109725,4.60310258,4.96772048,5.28526703,5.02482988,4.7562462,4.82151957,4.80954464
Malawi,MWI,Sub-Saharan Africa,6.34731849,7.81617071,8.20169881,8.99284504,9.31250037,10.69761085,10.17733374,10.04536369,11.67225735,12.05577458,10.96199023,11.37795606
Malaysia,MYS,East Asia & Pacific,3.95394002,3.74492489,3.29181275,3.65423211,3.60562884,3.4712822,3.97454959,3.99044068,3.88778674,4.01140506,4.01811554,4.16907804
North America,NAC,North America,14.66165831,14.70633741,14.69640052,14.7914992,15.03940369,15.45208941,16.4932236,16.45074318,16.41265282,16.38440949,16.2780938,16.51548075
Namibia,NAM,Sub-Saharan Africa,6.52403029,6.47197619,7.31871061,7.19928741,6.99321064,7.14986622,8.05232515,7.89329936,8.78046547,8.23537727,8.52898331,8.92868766
Niger,NER,Sub-Saharan Africa,6.23256935,6.60998896,7.14963764,7.39442881,6.93941879,6.75786887,6.97831587,6.36161217,6.66032034,6.10930646,5.0897826,5.82129922
Nigeria,NGA,Sub-Saharan Africa,4.04693455,4.32750562,4.10629745,3.65686026,4.4733267,3.99807623,4.23500082,3.47052573,3.68701062,3.2990842,3.70392576,3.66879844
Nicaragua,NIC,Latin America & Caribbean,6.11615628,6.1259658,6.11145325,6.33185521,6.91390603,6.98285453,6.81780512,6.57853535,6.39394228,8.04170642,8.42894257,9.04013941
Netherlands,NLD,Europe & Central Asia,8.45717558,8.52118682,9.59771913,9.35703746,9.35717394,9.57126055,10.29027545,10.47572212,10.52716599,11.01234745,11.0448661,10.89729305
Norway,NOR,Europe & Central Asia,9.85260059,9.44112199,8.89402506,8.43055064,8.58441414,8.4020757,9.48566447,9.2556665,9.13551098,9.15682812,9.39187284,9.71971755
Nepal,NPL,South Asia,5.48432085,5.82296493,5.72405361,5.69674996,5.84111345,6.43595472,6.40782169,6.43130604,6.72915248,5.8926379,5.6862681,5.797226
Nauru,NRU,East Asia & Pacific,14.40901784,11.62229274,12.57138688,13.54904504,19.14755531,16.44113877,9.45726812,9.10349444,7.66603943,6.96990224,4.65114671,3.32664948
New Zealand,NZL,East Asia & Pacific,7.71206749,7.8882147,8.24881468,8.64627633,8.35417746,10.6984593,11.20574784,11.1979699,11.24147297,11.53033809,11.17351069,11.0296101
Oman,OMN,Middle East & North Africa,3.17288586,2.97575695,2.58713523,2.31084657,2.42579068,2.01221452,2.83003846,2.74408324,2.49265722,2.523264,2.76083902,3.55393969
Pakistan,PAK,South Asia,2.60877636,2.55792322,2.91358382,3.40168643,3.35353968,3.2590847,2.93914413,3.01609686,3.00636984,2.75972728,2.70392397,2.61391631
Panama,PAN,Latin America & Caribbean,7.60445984,8.08643586,7.47896823,6.99655716,6.30662961,6.75011236,7.56026325,8.04716512,7.50141666,7.24519314,8.08587822,8.0257236
Peru,PER,Latin America & Caribbean,4.5988428,4.56192538,4.71800204,4.46819608,4.59945033,4.72994861,5.36154745,5.03167838,4.92714048,5.17591754,5.23182008,5.47303468
Philippines,PHL,East Asia & Pacific,3.24713196,3.22814859,3.9138542,3.95164594,3.94034192,4.04747517,4.41043729,4.37397274,4.28992635,4.45815444,4.55778632,4.7099852
Palau,PLW,East Asia & Pacific,8.47729758,8.80431634,8.21470499,8.71445874,9.0090566,9.0740546,9.52643642,10.6424429,9.29484695,9.35998673,9.26707342,9.02153343
Papua New Guinea,PNG,East Asia & Pacific,6.79231045,8.39248669,6.41591818,5.91902791,4.03723822,4.05603415,4.35763089,4.17576533,4.94295908,4.55003511,4.7785428,4.26357082
Poland,POL,Europe & Central Asia,6.2217914,6.18540158,6.20353532,6.1706712,6.27954647,6.87653481,7.12088233,6.88449165,6.7023798,6.61772998,6.4042609,6.35024637
Portugal,PRT,Europe & Central Asia,9.54101957,9.83769679,9.97647249,9.67265428,9.61953682,9.89868879,10.41844886,10.43672755,10.06864127,9.74360978,9.55334024,9.50107564
Paraguay,PRY,Latin America & Caribbean,5.98546934,5.77699347,6.07399547,6.42732062,6.4115059,7.06394059,9.13992194,9.10170096,9.4235562,10.33407449,10.49411979,9.81442131
Pacific island small states,PSS,East Asia & Pacific,5.022072903,5.076588592,5.316211256,5.412976634,5.456046098,5.253870841,5.962525149,6.00601973,5.408997807,5.386744051,5.638761289,5.774833278
Qatar,QAT,Middle East & North Africa,4.14216222,3.60739107,3.01330669,2.58341286,2.31281695,1.87470035,2.63380793,2.09267664,1.92658264,2.15608952,2.14592773,2.18706236
Romania,ROU,Europe & Central Asia,5.29882356,5.43201221,5.46905767,5.05987966,5.21089978,5.33489757,5.55959499,5.83283431,5.52618204,5.47833245,5.59558777,5.56500913
Russian Federation,RUS,Europe & Central Asia,5.60863706,5.18758222,5.21198715,5.30478653,5.37995338,6.22459761,7.44325087,6.83091103,6.61180659,6.87955814,7.09185941,7.07040825
Rwanda,RWA,Sub-Saharan Africa,6.34215334,6.24465499,6.83378867,10.01649788,8.49068054,7.66066411,7.20190506,7.90988034,7.71014085,7.67761838,7.6883653,7.53155111
South Asia,SAS,South Asia,4.00711308,3.966143708,4.064100038,4.090313884,4.08276135,4.157431977,4.176635822,4.138286767,4.162748514,4.173620104,4.267625959,4.376013346
Saudi Arabia,SAU,Middle East & North Africa,4.01870035,3.5839803,3.4187517,3.54970413,3.48745137,2.87015066,4.08644859,3.49296819,3.56571403,3.86342862,4.24536506,4.68408481
Sudan,SDN,Sub-Saharan Africa,3.17703293,3.39271563,3.1765208,3.92670182,4.72342094,8.16712987,8.0387379,7.96507777,8.02944311,8.20038881,8.42182058,8.42877471
Senegal,SEN,Sub-Saharan Africa,5.39898595,5.68098678,5.35462391,5.4435566,4.72179722,4.93514752,4.8075596,4.62149151,4.41690185,4.31118548,4.51055336,4.66497201
Singapore,SGP,East Asia & Pacific,3.62564229,3.17368627,3.7437377,3.65590488,3.45830706,3.91164646,4.27307275,3.95624757,3.93233174,4.22285179,4.52704132,4.92279194
Solomon Islands,SLB,East Asia & Pacific,6.00398587,5.64064416,7.83435685,6.6640115,6.42147919,5.97100604,7.92179206,7.46783612,5.08309566,5.48036406,5.42167209,5.05106254
Sierra Leone,SLE,Sub-Saharan Africa,11.69246204,11.66277367,12.24678485,10.67789154,10.1169446,10.29246346,13.13439594,10.31962615,11.98498249,11.23526449,11.58532421,11.08990224
El Salvador,SLV,Latin America & Caribbean,7.60620874,7.29741079,7.19019921,6.67646241,6.31506264,6.21326237,6.83139755,6.912477,6.8080665,6.70445412,6.94580058,6.77240285
San Marino,SMR,Europe & Central Asia,4.25442586,4.17137933,4.08634536,3.85005378,3.87083755,3.94560934,4.57007456,5.01688731,5.71712772,6.28075946,6.04907828,6.12906486
Serbia,SRB,Europe & Central Asia,8.12851142,8.23883414,8.70154867,8.99165287,10.01500892,10.04801464,9.90349052,10.08880983,9.72329413,9.89106186,10.11558912,10.36881192
Sub-Saharan Africa (excluding high income),SSA,Sub-Saharan Africa,5.984029637,6.033545164,5.849102136,5.645431194,5.604634854,5.579280668,6.14241953,5.78919687,5.79987814,5.598327919,5.653417963,5.472636253
Sub-Saharan Africa,SSF,Sub-Saharan Africa,5.981973866,6.03082095,5.846451563,5.642960243,5.602040094,5.576566859,6.13941413,5.787611614,5.798173667,5.597254493,5.651681831,5.47094373
Sao Tome and Principe,STP,Sub-Saharan Africa,11.1180666,9.93609895,10.03778171,7.84085755,7.43878143,5.66213472,6.6527575,5.24180131,5.44255012,8.60347569,9.76121412,8.35346606
Suriname,SUR,Latin America & Caribbean,6.62355609,6.87614002,6.7755102,6.21722335,5.92394468,5.92226887,6.13576782,5.80511399,5.93024378,6.08716678,5.96477182,5.68746988
Slovak Republic,SVK,Europe & Central Asia,5.81850192,7.21098106,7.04485118,7.34768079,7.75529417,8.0208281,9.15199445,8.50861648,7.95706221,8.14522055,8.00422824,8.05404755
Slovenia,SVN,Europe & Central Asia,8.76732486,8.46523245,8.49586245,8.41787985,7.98322378,8.46557039,9.37871271,9.06859821,9.0771408,9.36723766,9.29292245,9.23388628
Sweden,SWE,Europe & Central Asia,9.31003467,9.08797098,9.06150305,8.94799761,8.91722313,9.22835422,9.93895273,9.46876598,11.70251308,11.80240408,11.96648921,11.92983965
Swaziland,SWZ,Sub-Saharan Africa,5.70622138,5.88376476,6.79799069,6.81322502,7.0494846,8.19474448,8.46365405,8.46995395,8.61329306,8.75829595,9.65813772,9.25193954
Seychelles,SYC,Sub-Saharan Africa,4.64427154,4.17338663,3.90758098,3.72881909,3.30160537,2.6367745,2.63590921,3.59400354,3.38253043,4.08323853,3.57848961,3.36981689
Syrian Arab Republic,SYR,Middle East & North Africa,5.11607166,4.47860155,4.10970595,3.77755937,3.72233305,3.39762749,3.54647033,3.27644738,3.23254125,3.2546046,3.25453108,3.25453108
Chad,TCD,Sub-Saharan Africa,5.49054134,5.71977487,3.91024833,3.32174296,3.34616501,2.9164692,3.30677754,2.94877337,3.16873244,3.0003298,3.41745392,3.6211644
East Asia & Pacific (IDA & IBRD countries),TEA,East Asia & Pacific,4.391081211,4.314950398,4.329259816,4.24979596,4.135077525,4.33825595,4.782707178,4.593169626,4.720184727,4.968748393,5.094612274,5.256579104
Europe & Central Asia (IDA & IBRD countries),TEC,Europe & Central Asia,5.789201247,5.630337884,5.648482039,5.681202789,5.759204517,6.217820938,6.854322634,6.467060242,6.212121142,6.358349974,6.472219446,6.412515831
Togo,TGO,Sub-Saharan Africa,4.99880284,5.06130245,5.17180825,5.56021357,5.54708083,5.73187263,6.63672007,5.36773553,5.20927104,5.11056848,5.11926485,5.24687674
Thailand,THA,East Asia & Pacific,3.58195154,3.514014999,3.548528224,3.493400777,3.564174177,3.923535752,4.112478932,3.809096371,4.119845915,4.169548908,4.004047293,4.122164481
Tajikistan,TJK,Europe & Central Asia,4.46175837,5.07023451,5.88684129,5.70209357,5.34661226,5.58479823,5.92820612,6.04279741,5.98248817,6.39187459,6.75199215,6.880884
Turkmenistan,TKM,Europe & Central Asia,3.85321101,4.03345977,3.51024521,2.90279089,2.15851852,1.9252072,1.88168599,1.98723852,1.98105412,1.96187546,2.12069027,2.06738625
Latin America & the Caribbean (IDA & IBRD countries),TLA,Latin America & Caribbean,6.44672875,6.386283858,6.777578776,6.757540579,6.822738357,6.84408769,7.486272036,7.144469717,7.00337059,6.99620443,7.129741852,7.099860616
Timor-Leste,TLS,East Asia & Pacific,2.48303393,1.30917431,1.04740904,0.65286624,0.36832022,0.73921941,1.01851052,0.92235429,0.75749142,1.00788672,1.28677234,1.47530345
Middle East & North Africa (IDA & IBRD countries),TMN,Middle East & North Africa,5.281315599,5.306338652,5.035966116,4.929356188,5.018040425,5.171745304,6.14770593,6.116903239,5.922722871,6.274903824,6.277917979,6.359045113
Tonga,TON,East Asia & Pacific,5.08974932,4.87078703,6.52379264,5.60594356,5.81765428,5.12973873,4.66848316,4.59400374,4.06038924,4.51094427,4.98418762,5.17677064
South Asia (IDA & IBRD),TSA,South Asia,4.00711308,3.966143708,4.064100038,4.090313884,4.08276135,4.157431977,4.176635822,4.138286767,4.162748514,4.173620104,4.267625959,4.376013346
Sub-Saharan Africa (IDA & IBRD countries),TSS,Sub-Saharan Africa,5.981973866,6.03082095,5.846451563,5.642960243,5.602040094,5.576566859,6.13941413,5.787611614,5.798173667,5.597254493,5.651681831,5.47094373
Trinidad and Tobago,TTO,Latin America & Caribbean,5.12558072,5.2241969,5.31033616,4.48975901,4.82306179,4.3981753,6.47087206,5.28531009,5.05638554,5.78214255,5.98343264,5.93319696
Tunisia,TUN,Middle East & North Africa,5.35778086,5.62538521,5.56702876,5.64434473,5.64191897,5.6286516,6.18404687,6.54360565,7.15464127,7.17870481,7.26466474,7.00385794
Turkey,TUR,Europe & Central Asia,5.33861757,5.37016598,5.44880157,5.81085626,6.03715628,6.07447864,6.07952123,5.61321761,5.28676115,5.2363833,5.384456,5.41495949
Tuvalu,TUV,East Asia & Pacific,21.88030831,16.93131245,18.41012845,19.37748443,16.99930755,13.42532962,12.8212381,16.75279266,16.97994463,13.77340665,16.61044357,16.53663877
Tanzania,TZA,Sub-Saharan Africa,4.05540452,4.09591423,4.66284406,6.86400679,4.71826274,4.21458618,3.97365888,5.29671631,5.71831577,5.72109354,5.56967822,5.58011591
Uganda,UGA,Sub-Saharan Africa,7.5364715,8.89591147,9.36187998,9.86250092,9.76286949,9.10394727,8.42938791,11.02478546,9.08972092,7.58352882,7.47352248,7.22213686
Ukraine,UKR,Europe & Central Asia,6.93362184,6.60913962,6.41043647,6.39231981,6.35521436,6.63441822,7.79946242,7.80753352,6.98430531,7.46947303,7.66658213,7.09573611
Uruguay,URY,Latin America & Caribbean,6.51517001,11.58763842,11.1496572,11.17178456,8.22815252,8.17280036,8.78469846,8.62826624,8.55410488,8.7407876,8.67769884,8.5814914
United States,USA,North America,15.05869771,15.13565701,15.15399054,15.2700426,15.56604376,16.02261006,16.99914257,17.0167582,17.05713122,17.01736133,16.89772211,17.14075435
Uzbekistan,UZB,Europe & Central Asia,5.16997656,5.11436038,5.11296685,5.49300901,5.81239577,5.92163254,6.31487791,5.34396144,5.64815804,6.49281819,6.31652519,5.83852176
St. Vincent and the Grenadines,VCT,Latin America & Caribbean,3.90559599,3.72254162,3.65905803,3.88350892,3.92014582,4.69654243,5.13037013,4.70791229,4.99199565,8.47719837,5.2086,8.63023974
"Venezuela, RB",VEN,Latin America & Caribbean,4.93347186,4.77964216,4.6940286,4.85046028,5.25316087,3.98047064,5.81361503,5.03666547,5.2449473,4.80160508,4.93680816,5.2567025
Vietnam,VNM,East Asia & Pacific,4.83899044,5.08710719,5.37666261,5.56258599,6.0923572,5.52834177,6.0398131,6.36084929,6.2016319,6.96358104,7.16550866,7.06677833
Vanuatu,VUT,East Asia & Pacific,4.01906287,4.11663165,3.86851559,3.96261637,3.67007251,3.66361488,3.90267183,4.71116665,3.84552673,3.70249939,3.92031081,5.02357493
World,WLD,World,9.91233557,9.793760909,9.781778241,9.676622306,9.528370955,9.600522698,10.38112096,10.01633636,9.822357436,9.84190227,9.825760837,9.891253836
Samoa,WSM,East Asia & Pacific,4.70708479,4.44716302,4.4674683,4.67689122,5.25092298,4.51961091,5.04306066,5.70478027,5.79833054,5.01570584,6.90784194,7.21510906
"Yemen, Rep.",YEM,Middle East & North Africa,5.00406928,4.8988836,4.5804801,4.81712889,4.91766097,5.11744651,5.31633725,5.17144739,5.0414585,5.73349373,5.77556499,5.63699019
South Africa,ZAF,Sub-Saharan Africa,8.25734824,7.92666753,7.76856193,7.56779385,7.53305757,7.74694468,8.38628739,8.5041601,8.61362713,8.79451471,8.77541891,8.79698456
Zambia,ZMB,Sub-Saharan Africa,8.17601711,7.32536011,7.55610861,6.10709037,4.36579232,4.8719934,4.72867894,4.40728156,4.262571,4.91328998,4.99279017,4.98676469
Zimbabwe,ZWE,Sub-Saharan Africa,6.51500899,7.13051837,6.43560337,5.1241363,4.47385581,4.95530438,6.25858308,5.37316536,6.30657418,6.68618346,6.88119338,6.43947119
